[{"model": "group.group", "pk": 1, "fields": {"name": "admin", "description": "admin", "create_time": "2016-12-04T03:09:52.345Z", "created_by": 1, "join_group_setting": 2, "visible": true}}, {"model": "group.group", "pk": 2, "fields": {"name": "\u6821\u96c6\u8bad\u961f", "description": "ACM\u6821\u96c6\u8bad\u961f\u4e13\u7528\u5c0f\u7ec4", "create_time": "2017-03-18T08:56:31.491Z", "created_by": 1, "join_group_setting": 1, "visible": true}}, {"model": "group.group", "pk": 3, "fields": {"name": "\u7b2c\u5341\u4e09\u5c4aACM\u7a0b\u5e8f\u8bbe\u8ba1\u5927\u8d5b\u8d44\u683c\u8d5b\u5c0f\u7ec4", "description": "<br>\u7b2c\u5341\u4e09\u5c4aACM\u7a0b\u5e8f\u8bbe\u8ba1\u5927\u8d5b\u8d44\u683c\u8d5b\u5c0f\u7ec4<br><br>\n\u8bf7\u5c0f\u7ec4\u961f\u957f\u7533\u8bf7\u8d26\u53f7<br>\n\u683c\u5f0f\u4e3a:<br><br>2017_team_\u961f\u957f\u5b66\u53f7<br><br>\n\u5982:\n<br><br>2017_team_2016111111<br><br>\n\u7136\u540e\u7528\u8be5\u8d26\u53f7\u7533\u8bf7\u8be5\u5c0f\u7ec4,\u7533\u8bf7\u4fe1\u606f\u5904\u586b\u5199 \n<br>\n<br>\u961f\u54581\u59d3\u540d<br>\u961f\u54582\u59d3\u540d<br>\u961f\u54583\u59d3\u540d<br>\n<br>\n\u5982\uff1a\n<br><br>\n\u5f20\u4e09\n<br>\n\u674e\u56db\n<br>\n\u738b\u4e94\n<br>\n<br>\n\u4e0d\u7b26\u5408\u8981\u6c42\u7684\u4e00\u5f8b\u62d2\u7edd\n<br>\u5982\u6709\u7591\u95ee\u8bf7\u5728Q\u7fa4198757793\u63d0\u95ee<br>", "create_time": "2017-04-28T01:23:27.635Z", "created_by": 1, "join_group_setting": 1, "visible": true}}, {"model": "group.group", "pk": 4, "fields": {"name": "\u7b2c\u5341\u4e09\u5c4aACM\u7a0b\u5e8f\u8bbe\u8ba1\u5927\u8d5b\u73b0\u573a\u8d5b\u5c0f\u7ec4", "description": "\u7b2c\u5341\u4e09\u5c4aACM\u7a0b\u5e8f\u8bbe\u8ba1\u5927\u8d5b\u73b0\u573a\u8d5b\u5c0f\u7ec4", "create_time": "2017-04-28T02:06:46.007Z", "created_by": 1, "join_group_setting": 1, "visible": true}}, {"model": "group.usergrouprelation", "pk": 1, "fields": {"group": 1, "user": 2, "join_time": "2016-12-04T03:10:22.065Z"}}, {"model": "group.usergrouprelation", "pk": 2, "fields": {"group": 2, "user": 95, "join_time": "2017-04-28T01:47:07.808Z"}}, {"model": "group.usergrouprelation", "pk": 7, "fields": {"group": 3, "user": 214, "join_time": "2017-05-03T11:11:07.573Z"}}, {"model": "group.usergrouprelation", "pk": 8, "fields": {"group": 3, "user": 218, "join_time": "2017-05-03T11:12:53.255Z"}}, {"model": "group.usergrouprelation", "pk": 9, "fields": {"group": 3, "user": 220, "join_time": "2017-05-03T11:13:09.886Z"}}, {"model": "group.usergrouprelation", "pk": 10, "fields": {"group": 3, "user": 221, "join_time": "2017-05-03T11:13:26.023Z"}}, {"model": "group.usergrouprelation", "pk": 11, "fields": {"group": 3, "user": 223, "join_time": "2017-05-03T11:13:38.672Z"}}, {"model": "group.usergrouprelation", "pk": 12, "fields": {"group": 3, "user": 225, "join_time": "2017-05-03T11:14:27.284Z"}}, {"model": "group.usergrouprelation", "pk": 13, "fields": {"group": 3, "user": 228, "join_time": "2017-05-03T11:15:17.015Z"}}, {"model": "group.usergrouprelation", "pk": 14, "fields": {"group": 3, "user": 224, "join_time": "2017-05-03T11:15:39.473Z"}}, {"model": "group.usergrouprelation", "pk": 15, "fields": {"group": 3, "user": 231, "join_time": "2017-05-03T11:15:52.743Z"}}, {"model": "group.usergrouprelation", "pk": 16, "fields": {"group": 3, "user": 238, "join_time": "2017-05-03T11:16:27.795Z"}}, {"model": "group.usergrouprelation", "pk": 17, "fields": {"group": 3, "user": 270, "join_time": "2017-05-03T11:16:50.984Z"}}, {"model": "group.usergrouprelation", "pk": 18, "fields": {"group": 3, "user": 268, "join_time": "2017-05-03T11:17:01.621Z"}}, {"model": "group.usergrouprelation", "pk": 19, "fields": {"group": 3, "user": 258, "join_time": "2017-05-03T11:17:15.863Z"}}, {"model": "group.usergrouprelation", "pk": 20, "fields": {"group": 3, "user": 256, "join_time": "2017-05-03T11:17:27.842Z"}}, {"model": "group.usergrouprelation", "pk": 21, "fields": {"group": 3, "user": 253, "join_time": "2017-05-03T11:17:42.110Z"}}, {"model": "group.usergrouprelation", "pk": 22, "fields": {"group": 3, "user": 251, "join_time": "2017-05-03T11:17:54.780Z"}}, {"model": "group.usergrouprelation", "pk": 23, "fields": {"group": 3, "user": 250, "join_time": "2017-05-03T11:18:06.753Z"}}, {"model": "group.usergrouprelation", "pk": 24, "fields": {"group": 3, "user": 244, "join_time": "2017-05-03T11:18:22.124Z"}}, {"model": "group.usergrouprelation", "pk": 25, "fields": {"group": 3, "user": 243, "join_time": "2017-05-03T11:18:31.406Z"}}, {"model": "group.usergrouprelation", "pk": 26, "fields": {"group": 3, "user": 217, "join_time": "2017-05-03T11:46:11.620Z"}}, {"model": "group.usergrouprelation", "pk": 27, "fields": {"group": 3, "user": 226, "join_time": "2017-05-03T11:46:22.741Z"}}, {"model": "group.usergrouprelation", "pk": 28, "fields": {"group": 3, "user": 229, "join_time": "2017-05-03T11:46:37.963Z"}}, {"model": "group.usergrouprelation", "pk": 29, "fields": {"group": 3, "user": 232, "join_time": "2017-05-03T11:46:51.401Z"}}, {"model": "group.usergrouprelation", "pk": 30, "fields": {"group": 3, "user": 239, "join_time": "2017-05-03T11:47:04.751Z"}}, {"model": "group.usergrouprelation", "pk": 31, "fields": {"group": 3, "user": 241, "join_time": "2017-05-03T11:47:18.048Z"}}, {"model": "group.usergrouprelation", "pk": 32, "fields": {"group": 3, "user": 273, "join_time": "2017-05-03T11:47:40.859Z"}}, {"model": "group.usergrouprelation", "pk": 33, "fields": {"group": 3, "user": 216, "join_time": "2017-05-03T11:54:56.052Z"}}, {"model": "group.usergrouprelation", "pk": 34, "fields": {"group": 3, "user": 274, "join_time": "2017-05-03T11:55:15.547Z"}}, {"model": "group.usergrouprelation", "pk": 36, "fields": {"group": 3, "user": 275, "join_time": "2017-05-03T12:34:27.652Z"}}, {"model": "group.usergrouprelation", "pk": 37, "fields": {"group": 3, "user": 277, "join_time": "2017-05-03T12:34:42.820Z"}}, {"model": "group.usergrouprelation", "pk": 38, "fields": {"group": 3, "user": 278, "join_time": "2017-05-03T14:04:24.579Z"}}, {"model": "group.usergrouprelation", "pk": 39, "fields": {"group": 3, "user": 281, "join_time": "2017-05-04T05:45:16.863Z"}}, {"model": "group.usergrouprelation", "pk": 40, "fields": {"group": 3, "user": 284, "join_time": "2017-05-04T10:24:13.814Z"}}, {"model": "group.usergrouprelation", "pk": 41, "fields": {"group": 3, "user": 266, "join_time": "2017-05-04T13:24:32.005Z"}}, {"model": "group.usergrouprelation", "pk": 42, "fields": {"group": 3, "user": 286, "join_time": "2017-05-04T14:05:30.585Z"}}, {"model": "group.usergrouprelation", "pk": 43, "fields": {"group": 3, "user": 288, "join_time": "2017-05-04T14:05:43.029Z"}}, {"model": "group.usergrouprelation", "pk": 44, "fields": {"group": 3, "user": 290, "join_time": "2017-05-05T04:37:47.955Z"}}, {"model": "group.usergrouprelation", "pk": 45, "fields": {"group": 3, "user": 293, "join_time": "2017-05-05T09:17:03.239Z"}}, {"model": "group.usergrouprelation", "pk": 46, "fields": {"group": 3, "user": 292, "join_time": "2017-05-05T12:09:38.013Z"}}, {"model": "group.usergrouprelation", "pk": 47, "fields": {"group": 2, "user": 86, "join_time": "2017-05-05T12:48:31.756Z"}}, {"model": "group.usergrouprelation", "pk": 48, "fields": {"group": 2, "user": 5, "join_time": "2017-05-05T12:48:34.681Z"}}, {"model": "group.usergrouprelation", "pk": 49, "fields": {"group": 2, "user": 16, "join_time": "2017-05-05T13:14:10.923Z"}}, {"model": "group.usergrouprelation", "pk": 50, "fields": {"group": 2, "user": 9, "join_time": "2017-05-05T13:14:13.351Z"}}, {"model": "group.usergrouprelation", "pk": 51, "fields": {"group": 3, "user": 295, "join_time": "2017-05-05T13:16:57.166Z"}}, {"model": "group.usergrouprelation", "pk": 52, "fields": {"group": 3, "user": 299, "join_time": "2017-05-05T13:17:07.612Z"}}, {"model": "group.usergrouprelation", "pk": 53, "fields": {"group": 3, "user": 302, "join_time": "2017-05-05T13:17:27.446Z"}}, {"model": "group.usergrouprelation", "pk": 54, "fields": {"group": 3, "user": 306, "join_time": "2017-05-05T13:17:39.940Z"}}, {"model": "group.usergrouprelation", "pk": 55, "fields": {"group": 3, "user": 308, "join_time": "2017-05-05T13:17:49.346Z"}}, {"model": "group.usergrouprelation", "pk": 56, "fields": {"group": 3, "user": 310, "join_time": "2017-05-05T13:17:59.554Z"}}, {"model": "group.usergrouprelation", "pk": 57, "fields": {"group": 3, "user": 311, "join_time": "2017-05-05T13:18:08.945Z"}}, {"model": "group.usergrouprelation", "pk": 58, "fields": {"group": 3, "user": 283, "join_time": "2017-05-05T13:18:24.096Z"}}, {"model": "group.usergrouprelation", "pk": 59, "fields": {"group": 3, "user": 314, "join_time": "2017-05-05T13:18:45.421Z"}}, {"model": "group.usergrouprelation", "pk": 60, "fields": {"group": 3, "user": 309, "join_time": "2017-05-05T13:18:59.475Z"}}, {"model": "group.usergrouprelation", "pk": 61, "fields": {"group": 3, "user": 316, "join_time": "2017-05-05T13:19:08.195Z"}}, {"model": "group.usergrouprelation", "pk": 63, "fields": {"group": 2, "user": 88, "join_time": "2017-05-05T13:30:20.692Z"}}, {"model": "group.usergrouprelation", "pk": 64, "fields": {"group": 3, "user": 319, "join_time": "2017-05-05T13:31:14.417Z"}}, {"model": "group.usergrouprelation", "pk": 65, "fields": {"group": 3, "user": 321, "join_time": "2017-05-05T13:31:24.813Z"}}, {"model": "group.usergrouprelation", "pk": 66, "fields": {"group": 3, "user": 325, "join_time": "2017-05-05T13:36:19.580Z"}}, {"model": "group.usergrouprelation", "pk": 67, "fields": {"group": 2, "user": 8, "join_time": "2017-05-05T13:36:53.946Z"}}, {"model": "group.usergrouprelation", "pk": 68, "fields": {"group": 3, "user": 327, "join_time": "2017-05-05T13:40:12.999Z"}}, {"model": "group.usergrouprelation", "pk": 70, "fields": {"group": 3, "user": 312, "join_time": "2017-05-05T13:44:32.818Z"}}, {"model": "group.usergrouprelation", "pk": 71, "fields": {"group": 2, "user": 328, "join_time": "2017-05-05T13:53:09.592Z"}}, {"model": "group.usergrouprelation", "pk": 72, "fields": {"group": 3, "user": 301, "join_time": "2017-05-05T15:08:42.206Z"}}, {"model": "group.usergrouprelation", "pk": 73, "fields": {"group": 3, "user": 324, "join_time": "2017-05-05T15:08:44.552Z"}}, {"model": "group.usergrouprelation", "pk": 74, "fields": {"group": 3, "user": 329, "join_time": "2017-05-05T15:23:11.325Z"}}, {"model": "group.usergrouprelation", "pk": 75, "fields": {"group": 3, "user": 230, "join_time": "2017-05-05T15:23:22.045Z"}}, {"model": "group.usergrouprelation", "pk": 76, "fields": {"group": 2, "user": 14, "join_time": "2017-05-06T01:52:19.848Z"}}, {"model": "group.usergrouprelation", "pk": 77, "fields": {"group": 3, "user": 335, "join_time": "2017-05-06T01:52:22.766Z"}}, {"model": "group.usergrouprelation", "pk": 78, "fields": {"group": 3, "user": 333, "join_time": "2017-05-06T01:52:24.475Z"}}, {"model": "group.usergrouprelation", "pk": 79, "fields": {"group": 3, "user": 338, "join_time": "2017-05-06T03:53:22.530Z"}}, {"model": "group.usergrouprelation", "pk": 80, "fields": {"group": 3, "user": 337, "join_time": "2017-05-06T03:53:24.014Z"}}, {"model": "group.usergrouprelation", "pk": 81, "fields": {"group": 3, "user": 343, "join_time": "2017-05-06T06:26:33.593Z"}}, {"model": "group.usergrouprelation", "pk": 82, "fields": {"group": 3, "user": 347, "join_time": "2017-05-06T13:16:23.104Z"}}, {"model": "group.usergrouprelation", "pk": 83, "fields": {"group": 3, "user": 351, "join_time": "2017-05-06T16:35:33.004Z"}}, {"model": "group.usergrouprelation", "pk": 84, "fields": {"group": 3, "user": 350, "join_time": "2017-05-06T16:35:35.071Z"}}, {"model": "group.usergrouprelation", "pk": 85, "fields": {"group": 3, "user": 352, "join_time": "2017-05-06T16:35:37.313Z"}}, {"model": "group.usergrouprelation", "pk": 86, "fields": {"group": 3, "user": 353, "join_time": "2017-05-06T16:35:39.882Z"}}, {"model": "group.usergrouprelation", "pk": 87, "fields": {"group": 3, "user": 354, "join_time": "2017-05-06T16:35:42.667Z"}}, {"model": "group.usergrouprelation", "pk": 89, "fields": {"group": 3, "user": 359, "join_time": "2017-05-07T00:26:43.557Z"}}, {"model": "group.usergrouprelation", "pk": 90, "fields": {"group": 3, "user": 363, "join_time": "2017-05-07T01:33:10.915Z"}}, {"model": "group.usergrouprelation", "pk": 91, "fields": {"group": 3, "user": 369, "join_time": "2017-05-07T03:32:27.757Z"}}, {"model": "group.usergrouprelation", "pk": 92, "fields": {"group": 3, "user": 372, "join_time": "2017-05-07T03:32:29.533Z"}}, {"model": "group.usergrouprelation", "pk": 93, "fields": {"group": 3, "user": 375, "join_time": "2017-05-07T03:32:31.642Z"}}, {"model": "group.usergrouprelation", "pk": 95, "fields": {"group": 3, "user": 237, "join_time": "2017-05-07T03:52:35.212Z"}}, {"model": "group.usergrouprelation", "pk": 96, "fields": {"group": 3, "user": 2, "join_time": "2017-05-07T04:01:02.393Z"}}, {"model": "group.usergrouprelation", "pk": 97, "fields": {"group": 3, "user": 326, "join_time": "2017-05-07T04:04:00.182Z"}}, {"model": "group.usergrouprelation", "pk": 98, "fields": {"group": 3, "user": 381, "join_time": "2017-05-07T04:13:02.139Z"}}, {"model": "group.usergrouprelation", "pk": 99, "fields": {"group": 3, "user": 387, "join_time": "2017-05-07T04:34:41.803Z"}}, {"model": "group.usergrouprelation", "pk": 101, "fields": {"group": 3, "user": 389, "join_time": "2017-05-07T04:46:19.001Z"}}, {"model": "group.usergrouprelation", "pk": 102, "fields": {"group": 3, "user": 261, "join_time": "2017-05-07T05:14:35.653Z"}}, {"model": "group.usergrouprelation", "pk": 103, "fields": {"group": 3, "user": 386, "join_time": "2017-05-07T06:43:02.180Z"}}, {"model": "group.usergrouprelation", "pk": 104, "fields": {"group": 3, "user": 392, "join_time": "2017-05-07T07:08:26.103Z"}}, {"model": "group.usergrouprelation", "pk": 105, "fields": {"group": 4, "user": 148, "join_time": "2017-05-13T00:00:00Z"}}, {"model": "group.usergrouprelation", "pk": 106, "fields": {"group": 4, "user": 149, "join_time": "2017-05-13T00:00:00Z"}}, {"model": "group.usergrouprelation", "pk": 107, "fields": {"group": 4, "user": 150, "join_time": "2017-05-13T00:00:00Z"}}, {"model": "group.usergrouprelation", "pk": 108, "fields": {"group": 4, "user": 151, "join_time": "2017-05-13T00:00:00Z"}}, {"model": "group.usergrouprelation", "pk": 109, "fields": {"group": 4, "user": 152, "join_time": "2017-05-13T00:00:00Z"}}, {"model": "group.usergrouprelation", "pk": 110, "fields": {"group": 4, "user": 153, "join_time": "2017-05-13T00:00:00Z"}}, {"model": "group.usergrouprelation", "pk": 111, "fields": {"group": 4, "user": 154, "join_time": "2017-05-13T00:00:00Z"}}, {"model": "group.usergrouprelation", "pk": 112, "fields": {"group": 4, "user": 155, "join_time": "2017-05-13T00:00:00Z"}}, {"model": "group.usergrouprelation", "pk": 113, "fields": {"group": 4, "user": 156, "join_time": "2017-05-13T00:00:00Z"}}, {"model": "group.usergrouprelation", "pk": 114, "fields": {"group": 4, "user": 157, "join_time": "2017-05-13T00:00:00Z"}}, {"model": "group.usergrouprelation", "pk": 115, "fields": {"group": 4, "user": 158, "join_time": "2017-05-13T00:00:00Z"}}, {"model": "group.usergrouprelation", "pk": 116, "fields": {"group": 4, "user": 159, "join_time": "2017-05-13T00:00:00Z"}}, {"model": "group.usergrouprelation", "pk": 117, "fields": {"group": 4, "user": 160, "join_time": "2017-05-13T00:00:00Z"}}, {"model": "group.usergrouprelation", "pk": 118, "fields": {"group": 4, "user": 161, "join_time": "2017-05-13T00:00:00Z"}}, {"model": "group.usergrouprelation", "pk": 119, "fields": {"group": 4, "user": 162, "join_time": "2017-05-13T00:00:00Z"}}, {"model": "group.usergrouprelation", "pk": 120, "fields": {"group": 4, "user": 163, "join_time": "2017-05-13T00:00:00Z"}}, {"model": "group.usergrouprelation", "pk": 121, "fields": {"group": 4, "user": 164, "join_time": "2017-05-13T00:00:00Z"}}, {"model": "group.usergrouprelation", "pk": 122, "fields": {"group": 4, "user": 165, "join_time": "2017-05-13T00:00:00Z"}}, {"model": "group.usergrouprelation", "pk": 123, "fields": {"group": 4, "user": 166, "join_time": "2017-05-13T00:00:00Z"}}, {"model": "group.usergrouprelation", "pk": 124, "fields": {"group": 4, "user": 167, "join_time": "2017-05-13T00:00:00Z"}}, {"model": "group.usergrouprelation", "pk": 125, "fields": {"group": 4, "user": 168, "join_time": "2017-05-13T00:00:00Z"}}, {"model": "group.usergrouprelation", "pk": 126, "fields": {"group": 4, "user": 169, "join_time": "2017-05-13T00:00:00Z"}}, {"model": "group.usergrouprelation", "pk": 127, "fields": {"group": 4, "user": 170, "join_time": "2017-05-13T00:00:00Z"}}, {"model": "group.usergrouprelation", "pk": 128, "fields": {"group": 4, "user": 171, "join_time": "2017-05-13T00:00:00Z"}}, {"model": "group.usergrouprelation", "pk": 129, "fields": {"group": 4, "user": 172, "join_time": "2017-05-13T00:00:00Z"}}, {"model": "group.usergrouprelation", "pk": 130, "fields": {"group": 4, "user": 173, "join_time": "2017-05-13T00:00:00Z"}}, {"model": "group.usergrouprelation", "pk": 131, "fields": {"group": 4, "user": 174, "join_time": "2017-05-13T00:00:00Z"}}, {"model": "group.usergrouprelation", "pk": 132, "fields": {"group": 4, "user": 175, "join_time": "2017-05-13T00:00:00Z"}}, {"model": "group.usergrouprelation", "pk": 133, "fields": {"group": 4, "user": 176, "join_time": "2017-05-13T00:00:00Z"}}, {"model": "group.usergrouprelation", "pk": 134, "fields": {"group": 4, "user": 177, "join_time": "2017-05-13T00:00:00Z"}}, {"model": "group.usergrouprelation", "pk": 135, "fields": {"group": 4, "user": 178, "join_time": "2017-05-13T00:00:00Z"}}, {"model": "group.usergrouprelation", "pk": 136, "fields": {"group": 4, "user": 179, "join_time": "2017-05-13T00:00:00Z"}}, {"model": "group.usergrouprelation", "pk": 137, "fields": {"group": 4, "user": 180, "join_time": "2017-05-13T00:00:00Z"}}, {"model": "group.usergrouprelation", "pk": 138, "fields": {"group": 4, "user": 181, "join_time": "2017-05-13T00:00:00Z"}}, {"model": "group.usergrouprelation", "pk": 139, "fields": {"group": 4, "user": 182, "join_time": "2017-05-13T00:00:00Z"}}, {"model": "group.usergrouprelation", "pk": 140, "fields": {"group": 4, "user": 183, "join_time": "2017-05-13T00:00:00Z"}}, {"model": "group.usergrouprelation", "pk": 141, "fields": {"group": 4, "user": 184, "join_time": "2017-05-13T00:00:00Z"}}, {"model": "group.usergrouprelation", "pk": 142, "fields": {"group": 4, "user": 185, "join_time": "2017-05-13T00:00:00Z"}}, {"model": "group.usergrouprelation", "pk": 143, "fields": {"group": 4, "user": 186, "join_time": "2017-05-13T00:00:00Z"}}, {"model": "group.usergrouprelation", "pk": 144, "fields": {"group": 4, "user": 187, "join_time": "2017-05-13T00:00:00Z"}}, {"model": "group.usergrouprelation", "pk": 145, "fields": {"group": 4, "user": 188, "join_time": "2017-05-13T00:00:00Z"}}, {"model": "group.usergrouprelation", "pk": 146, "fields": {"group": 4, "user": 189, "join_time": "2017-05-13T00:00:00Z"}}, {"model": "group.usergrouprelation", "pk": 147, "fields": {"group": 4, "user": 190, "join_time": "2017-05-13T00:00:00Z"}}, {"model": "group.usergrouprelation", "pk": 148, "fields": {"group": 4, "user": 191, "join_time": "2017-05-13T00:00:00Z"}}, {"model": "group.usergrouprelation", "pk": 149, "fields": {"group": 4, "user": 192, "join_time": "2017-05-13T00:00:00Z"}}, {"model": "group.usergrouprelation", "pk": 150, "fields": {"group": 4, "user": 193, "join_time": "2017-05-13T00:00:00Z"}}, {"model": "group.usergrouprelation", "pk": 151, "fields": {"group": 4, "user": 194, "join_time": "2017-05-13T00:00:00Z"}}, {"model": "group.usergrouprelation", "pk": 152, "fields": {"group": 4, "user": 195, "join_time": "2017-05-13T00:00:00Z"}}, {"model": "group.usergrouprelation", "pk": 153, "fields": {"group": 4, "user": 196, "join_time": "2017-05-13T00:00:00Z"}}, {"model": "group.usergrouprelation", "pk": 154, "fields": {"group": 4, "user": 197, "join_time": "2017-05-13T00:00:00Z"}}, {"model": "group.usergrouprelation", "pk": 155, "fields": {"group": 4, "user": 198, "join_time": "2017-05-13T00:00:00Z"}}, {"model": "group.usergrouprelation", "pk": 156, "fields": {"group": 4, "user": 199, "join_time": "2017-05-13T00:00:00Z"}}, {"model": "group.usergrouprelation", "pk": 157, "fields": {"group": 4, "user": 200, "join_time": "2017-05-13T00:00:00Z"}}, {"model": "group.usergrouprelation", "pk": 158, "fields": {"group": 4, "user": 201, "join_time": "2017-05-13T00:00:00Z"}}, {"model": "group.usergrouprelation", "pk": 159, "fields": {"group": 4, "user": 202, "join_time": "2017-05-13T00:00:00Z"}}, {"model": "group.usergrouprelation", "pk": 160, "fields": {"group": 4, "user": 203, "join_time": "2017-05-13T00:00:00Z"}}, {"model": "group.usergrouprelation", "pk": 161, "fields": {"group": 4, "user": 204, "join_time": "2017-05-13T00:00:00Z"}}, {"model": "group.usergrouprelation", "pk": 162, "fields": {"group": 4, "user": 205, "join_time": "2017-05-13T00:00:00Z"}}, {"model": "group.usergrouprelation", "pk": 163, "fields": {"group": 4, "user": 206, "join_time": "2017-05-13T00:00:00Z"}}, {"model": "group.usergrouprelation", "pk": 164, "fields": {"group": 4, "user": 207, "join_time": "2017-05-13T00:00:00Z"}}, {"model": "group.admingrouprelation", "pk": 1, "fields": {"user": 1, "group": 1}}, {"model": "group.admingrouprelation", "pk": 2, "fields": {"user": 2, "group": 1}}, {"model": "group.admingrouprelation", "pk": 3, "fields": {"user": 1, "group": 2}}, {"model": "group.admingrouprelation", "pk": 4, "fields": {"user": 1, "group": 3}}, {"model": "group.admingrouprelation", "pk": 5, "fields": {"user": 95, "group": 2}}, {"model": "group.admingrouprelation", "pk": 8, "fields": {"user": 210, "group": 2}}, {"model": "group.admingrouprelation", "pk": 10, "fields": {"user": 2, "group": 2}}, {"model": "group.admingrouprelation", "pk": 11, "fields": {"user": 1, "group": 4}}, {"model": "group.joingrouprequest", "pk": 1, "fields": {"group": 1, "user": 2, "message": "admin", "create_time": "2016-12-04T03:10:10.932Z", "status": true, "accepted": true}}, {"model": "group.joingrouprequest", "pk": 2, "fields": {"group": 2, "user": 113, "message": "\u6f58\u9510", "create_time": "2017-04-08T05:26:39.486Z", "status": true, "accepted": false}}, {"model": "group.joingrouprequest", "pk": 3, "fields": {"group": 2, "user": 95, "message": "handsomehow", "create_time": "2017-04-28T01:47:01.638Z", "status": true, "accepted": true}}, {"model": "group.joingrouprequest", "pk": 4, "fields": {"group": 2, "user": 210, "message": "2015111995 \u4fde\u7b11\u676d", "create_time": "2017-04-28T01:50:10.712Z", "status": true, "accepted": true}}, {"model": "group.joingrouprequest", "pk": 5, "fields": {"group": 2, "user": 2, "message": "me", "create_time": "2017-04-28T01:54:00.427Z", "status": true, "accepted": true}}, {"model": "group.joingrouprequest", "pk": 6, "fields": {"group": 2, "user": 2, "message": "me", "create_time": "2017-04-28T01:54:27.969Z", "status": true, "accepted": true}}, {"model": "group.joingrouprequest", "pk": 7, "fields": {"group": 3, "user": 1, "message": "\u4f60\u597d\u554a", "create_time": "2017-04-28T02:47:35.997Z", "status": true, "accepted": false}}, {"model": "group.joingrouprequest", "pk": 8, "fields": {"group": 3, "user": 214, "message": "\u9f50\u8fbe\n\u9648\u9f99\n\u89e3\u664b", "create_time": "2017-04-28T02:50:27.883Z", "status": true, "accepted": true}}, {"model": "group.joingrouprequest", "pk": 9, "fields": {"group": 3, "user": 216, "message": "\u6234\u5c712015112111\n\u5f20\u6d2a\u658c2015112105", "create_time": "2017-04-28T02:53:11.985Z", "status": true, "accepted": true}}, {"model": "group.joingrouprequest", "pk": 10, "fields": {"group": 3, "user": 217, "message": "\u5f20\u821c\u5b87\n\u5305\u9534\u6960\n\u5434\u767b\u8f72", "create_time": "2017-04-28T03:19:50.901Z", "status": true, "accepted": true}}, {"model": "group.joingrouprequest", "pk": 11, "fields": {"group": 3, "user": 218, "message": "\u79e6\u864e\n\u738b\u4e9a\u950b\n\u6768\u6668\u5578", "create_time": "2017-04-28T03:40:18.361Z", "status": true, "accepted": true}}, {"model": "group.joingrouprequest", "pk": 12, "fields": {"group": 3, "user": 220, "message": "\u5434\u4f73\u9e3f\n\u9648\u5b89\n\u59dc\u96c4", "create_time": "2017-04-28T04:32:14.008Z", "status": true, "accepted": true}}, {"model": "group.joingrouprequest", "pk": 13, "fields": {"group": 3, "user": 221, "message": "\u5218\u6d69\u73ae\n\u77f3\u5fd7\u4e07\n\u7941\u7965\u5a01", "create_time": "2017-04-28T04:34:31.408Z", "status": true, "accepted": true}}, {"model": "group.joingrouprequest", "pk": 14, "fields": {"group": 3, "user": 223, "message": "\u738b\u6587\u742a\n\u6768\u6d9b\n\u8c37\u96e8\u9f99", "create_time": "2017-04-28T04:50:29.408Z", "status": true, "accepted": true}}, {"model": "group.joingrouprequest", "pk": 15, "fields": {"group": 3, "user": 225, "message": "\u738b\u79cb\u950b\n\u738b\u6797\n\u66fe\u662d\u7ff0", "create_time": "2017-04-28T04:54:09.698Z", "status": true, "accepted": true}}, {"model": "group.joingrouprequest", "pk": 16, "fields": {"group": 3, "user": 226, "message": "\u6587\u8d85\u8c6a\n\u51af\u5eb7\u6849\n\u738b\u6668\u66e6", "create_time": "2017-04-28T04:55:15.730Z", "status": true, "accepted": true}}, {"model": "group.joingrouprequest", "pk": 17, "fields": {"group": 3, "user": 228, "message": "\u90d1\u8d5b\n\u5f20\u97e6\u5609", "create_time": "2017-04-28T05:01:50.128Z", "status": true, "accepted": true}}, {"model": "group.joingrouprequest", "pk": 18, "fields": {"group": 3, "user": 229, "message": "\u7956\u8f69\n\u6768\u529b\n\u674e\u8fbe\u8d24", "create_time": "2017-04-28T05:04:46.549Z", "status": true, "accepted": true}}, {"model": "group.joingrouprequest", "pk": 19, "fields": {"group": 3, "user": 224, "message": "\u5f20\u78a7\u4f9d\n\u79e6\u5c0f\u4e91\n\u5f6d\u6f47", "create_time": "2017-04-28T06:22:53.831Z", "status": true, "accepted": true}}, {"model": "group.joingrouprequest", "pk": 20, "fields": {"group": 3, "user": 231, "message": "\u8096\u6893\u715c\n\u5f20\u5b50\u822a\n\u5f20\u6b23\u7389", "create_time": "2017-04-28T08:03:12.013Z", "status": true, "accepted": true}}, {"model": "group.joingrouprequest", "pk": 21, "fields": {"group": 3, "user": 232, "message": "\u9648\u6668\n\u5c27\u6bc5\n\u9a86\u654f", "create_time": "2017-04-28T08:40:42.651Z", "status": true, "accepted": true}}, {"model": "group.joingrouprequest", "pk": 22, "fields": {"group": 3, "user": 234, "message": "\u675c\u9e4f\u7a0b", "create_time": "2017-04-28T09:02:52.429Z", "status": true, "accepted": true}}, {"model": "group.joingrouprequest", "pk": 23, "fields": {"group": 3, "user": 238, "message": "\u9093\u91d1\u7ea2\n\u738b\u521a\n\u9f99\u6676", "create_time": "2017-04-29T02:24:27.734Z", "status": true, "accepted": true}}, {"model": "group.joingrouprequest", "pk": 24, "fields": {"group": 3, "user": 239, "message": "\u51af\u6770\u4ea8\n\u6c5f\u5b87\n\u9ad8\u79cb\u5b9e", "create_time": "2017-04-29T02:57:30.360Z", "status": true, "accepted": true}}, {"model": "group.joingrouprequest", "pk": 25, "fields": {"group": 3, "user": 241, "message": "\u5f20\u660a\n\u5b8b\u4e91\u6600\n\u5510\u7ff0", "create_time": "2017-04-29T07:23:07.729Z", "status": true, "accepted": true}}, {"model": "group.joingrouprequest", "pk": 26, "fields": {"group": 3, "user": 243, "message": "\u90d1\u9038\u51e1\n\u67f3\u6cfd\u6668", "create_time": "2017-04-29T09:29:06.661Z", "status": true, "accepted": true}}, {"model": "group.joingrouprequest", "pk": 27, "fields": {"group": 3, "user": 244, "message": "\u5434\u96e8\u79cb\n\u80e1\u6770\u6587\n\u7504\u8bda", "create_time": "2017-04-29T13:39:38.105Z", "status": true, "accepted": true}}, {"model": "group.joingrouprequest", "pk": 28, "fields": {"group": 3, "user": 250, "message": "\u5df4\u4fca\u5cf0\n\u8096\u6e1d\n\u5434\u5195", "create_time": "2017-04-30T12:15:25.638Z", "status": true, "accepted": true}}, {"model": "group.joingrouprequest", "pk": 29, "fields": {"group": 3, "user": 251, "message": "\u4e8e\u5353\u5982\n\u6b66\u745e\u6893\n\u5eb7\u7389\u7af9", "create_time": "2017-04-30T12:32:49.855Z", "status": true, "accepted": true}}, {"model": "group.joingrouprequest", "pk": 30, "fields": {"group": 3, "user": 253, "message": "\u674e\u627f\u777f\n\u5f20\u5409\u6797\n\u9676\u6c5f\u5cf0", "create_time": "2017-04-30T16:35:10.322Z", "status": true, "accepted": true}}, {"model": "group.joingrouprequest", "pk": 31, "fields": {"group": 4, "user": 209, "message": "hh", "create_time": "2017-05-01T07:35:03.860Z", "status": true, "accepted": true}}, {"model": "group.joingrouprequest", "pk": 32, "fields": {"group": 3, "user": 256, "message": "\u8bb8\u680b\u4f1f\n\u9c81\u60df\u6dfc", "create_time": "2017-05-01T09:09:28.058Z", "status": true, "accepted": true}}, {"model": "group.joingrouprequest", "pk": 33, "fields": {"group": 3, "user": 258, "message": "\u5218\u946b\u54f2\n\u90ed\u99a5\u4f69\n\u738b\u4f73\u96ef", "create_time": "2017-05-01T14:11:59.426Z", "status": true, "accepted": true}}, {"model": "group.joingrouprequest", "pk": 34, "fields": {"group": 3, "user": 268, "message": "\u961f\u54581\uff1a\u59dc\u6da6\u7693\n\u961f\u54582\uff1a\u5f90\u7acb\u5f3a\n\u961f\u54583\uff1a\u7fc1\u723d", "create_time": "2017-05-03T01:30:33.574Z", "status": true, "accepted": true}}, {"model": "group.joingrouprequest", "pk": 35, "fields": {"group": 3, "user": 270, "message": "\u9648\u9526\u71ca\n\u5434\u5fb7\u6210\n\u8d75\u7532", "create_time": "2017-05-03T08:08:30.416Z", "status": true, "accepted": true}}, {"model": "group.joingrouprequest", "pk": 36, "fields": {"group": 3, "user": 273, "message": "\u6b27\u9e4f\n\u7530\u53cb\u4e3d", "create_time": "2017-05-03T11:25:07.571Z", "status": true, "accepted": true}}, {"model": "group.joingrouprequest", "pk": 37, "fields": {"group": 3, "user": 274, "message": "\u5355\u5bcc\u839b\n\u9648\u6167\u806a\n\u9ad8\u56fd\u5f6c", "create_time": "2017-05-03T11:49:14.941Z", "status": true, "accepted": true}}, {"model": "group.joingrouprequest", "pk": 38, "fields": {"group": 3, "user": 275, "message": "\u9648\u6587\u677e\n\u675c\u9e4f\u7a0b\n\u9648\u9038\u98de", "create_time": "2017-05-03T12:24:43.354Z", "status": true, "accepted": true}}, {"model": "group.joingrouprequest", "pk": 39, "fields": {"group": 3, "user": 277, "message": "\u5e9e\u59dd\u96ef\n\u7f57\u5a77\u5a77\n\u5f20\u73cd\u831c", "create_time": "2017-05-03T12:32:58.477Z", "status": true, "accepted": true}}, {"model": "group.joingrouprequest", "pk": 40, "fields": {"group": 3, "user": 278, "message": "\u5415\u5143\u5eb6\n\u53f6\u6b63\u8302\n\u5218\u6625\u9633", "create_time": "2017-05-03T13:39:31.518Z", "status": true, "accepted": true}}, {"model": "group.joingrouprequest", "pk": 41, "fields": {"group": 3, "user": 281, "message": "\u9a6c\u5578\u5929", "create_time": "2017-05-04T04:17:36.173Z", "status": true, "accepted": true}}, {"model": "group.joingrouprequest", "pk": 42, "fields": {"group": 3, "user": 284, "message": "\u5218\u4e00\u7433\n\u5218\u6b63\u7426\n\u4e54\u9732", "create_time": "2017-05-04T10:05:39.826Z", "status": true, "accepted": true}}, {"model": "group.joingrouprequest", "pk": 43, "fields": {"group": 3, "user": 286, "message": "\u53f6\u6d69\u7ef4\n\u4faf\u5ddd\u6c5f\n\u7126\u4e3d\u9999", "create_time": "2017-05-04T10:06:11.694Z", "status": true, "accepted": true}}, {"model": "group.joingrouprequest", "pk": 44, "fields": {"group": 3, "user": 288, "message": "\u8d75\u4e50\n\u5360\u653e\n\u5f20\u6dde\u690d", "create_time": "2017-05-04T11:46:30.919Z", "status": true, "accepted": true}}, {"model": "group.joingrouprequest", "pk": 45, "fields": {"group": 3, "user": 266, "message": "\u4e8e\u53ef\u6c57\n\u6768\u9756\u5eb7 2016115448\n\u961f\u54583:\u6ca1", "create_time": "2017-05-04T13:13:31.900Z", "status": true, "accepted": true}}, {"model": "group.joingrouprequest", "pk": 46, "fields": {"group": 3, "user": 290, "message": "\u9ec4\u5065\u683c\n\u90ed\u601d\u6770\n\u5ed6\u6d69", "create_time": "2017-05-04T15:24:20.781Z", "status": true, "accepted": true}}, {"model": "group.joingrouprequest", "pk": 47, "fields": {"group": 3, "user": 292, "message": "\u738b\u9646\u660e", "create_time": "2017-05-05T08:47:02.840Z", "status": true, "accepted": true}}, {"model": "group.joingrouprequest", "pk": 48, "fields": {"group": 3, "user": 293, "message": "\u5510\u5a67\u5c27\n\u5468\u7426", "create_time": "2017-05-05T09:10:44.386Z", "status": true, "accepted": true}}, {"model": "group.joingrouprequest", "pk": 49, "fields": {"group": 3, "user": 295, "message": "\u674e\u4ece\u6ea2\n\u90ed\u6d0b", "create_time": "2017-05-05T10:43:11.574Z", "status": true, "accepted": true}}, {"model": "group.joingrouprequest", "pk": 50, "fields": {"group": 3, "user": 296, "message": "\u5b66\u53f7:2016112362\u59d3\u540d:\u8d75\u5efa\u5353", "create_time": "2017-05-05T11:35:47.263Z", "status": true, "accepted": false}}, {"model": "group.joingrouprequest", "pk": 51, "fields": {"group": 3, "user": 299, "message": "\u8bb8\u741b\n\u8096\u5cf0", "create_time": "2017-05-05T12:10:18.435Z", "status": true, "accepted": true}}, {"model": "group.joingrouprequest", "pk": 52, "fields": {"group": 3, "user": 301, "message": "\u5218\u6853\n\u5f90\u8087\u6587", "create_time": "2017-05-05T12:15:59.385Z", "status": true, "accepted": true}}, {"model": "group.joingrouprequest", "pk": 53, "fields": {"group": 3, "user": 302, "message": "\u5218\u96c5\u8c6a\n\u674e\u5b50\u741b\n\u5f20\u8dc3\u6881", "create_time": "2017-05-05T12:21:13.353Z", "status": true, "accepted": true}}, {"model": "group.joingrouprequest", "pk": 54, "fields": {"group": 3, "user": 306, "message": "\u5b8b\u5146\n\u59da\u502a\u7acb\n\u8096\u7eb5", "create_time": "2017-05-05T12:27:58.629Z", "status": true, "accepted": true}}, {"model": "group.joingrouprequest", "pk": 55, "fields": {"group": 3, "user": 308, "message": "\u9ec4\u4e4b\u79cb\n\u590f\u5609\u4f1f\n\u5b59\u6d9b", "create_time": "2017-05-05T12:34:31.498Z", "status": true, "accepted": true}}, {"model": "group.joingrouprequest", "pk": 56, "fields": {"group": 3, "user": 310, "message": "\u5f20\u6653\u4f1f\n\u4e07\u5929\u4e49\n\u9e4f\u4eae\u4eae", "create_time": "2017-05-05T12:37:12.780Z", "status": true, "accepted": true}}, {"model": "group.joingrouprequest", "pk": 57, "fields": {"group": 3, "user": 86, "message": "\u661f\u53f7\u8650\u573a", "create_time": "2017-05-05T12:37:44.545Z", "status": true, "accepted": false}}, {"model": "group.joingrouprequest", "pk": 58, "fields": {"group": 3, "user": 311, "message": "\u4e01\u6587\u7426\n\u97e9\u5b81\n\u8c2d\u822a", "create_time": "2017-05-05T12:37:54.165Z", "status": true, "accepted": true}}, {"model": "group.joingrouprequest", "pk": 59, "fields": {"group": 3, "user": 312, "message": "\u738b\u96ea\u96ea\n\u674e\u9e4f\n\u7a0b\u8d24\u5175", "create_time": "2017-05-05T12:40:46.455Z", "status": true, "accepted": true}}, {"model": "group.joingrouprequest", "pk": 60, "fields": {"group": 3, "user": 283, "message": "\u9ec4\u94ee\n\u4e25\u6d77\u5eb7\n\u5218\u81f4\u8fdc", "create_time": "2017-05-05T12:42:02.823Z", "status": true, "accepted": true}}, {"model": "group.joingrouprequest", "pk": 61, "fields": {"group": 2, "user": 86, "message": "\u5973\u88c5\u7533\u8bf7", "create_time": "2017-05-05T12:42:36.984Z", "status": true, "accepted": true}}, {"model": "group.joingrouprequest", "pk": 62, "fields": {"group": 2, "user": 5, "message": "\u542c\u8bf4\u961f\u957f\u8981\u5973\u88c5\uff1f", "create_time": "2017-05-05T12:45:42.738Z", "status": true, "accepted": true}}, {"model": "group.joingrouprequest", "pk": 63, "fields": {"group": 2, "user": 16, "message": "\u60f3\u770b\u5973\u88c5zsy", "create_time": "2017-05-05T12:48:22.688Z", "status": true, "accepted": true}}, {"model": "group.joingrouprequest", "pk": 64, "fields": {"group": 3, "user": 314, "message": "\u5f20\u672c\u8d35\n\u9ec4\u5723\u51ef", "create_time": "2017-05-05T12:53:16.684Z", "status": true, "accepted": true}}, {"model": "group.joingrouprequest", "pk": 65, "fields": {"group": 3, "user": 309, "message": "\u6b27\u9633\u5b81\u851a\n\u5468\u96d5\n\u4ee4\u96f2\u5f3a", "create_time": "2017-05-05T12:55:34.221Z", "status": true, "accepted": true}}, {"model": "group.joingrouprequest", "pk": 66, "fields": {"group": 3, "user": 316, "message": "\u9648\u6631\u748b\n\u5218\u886c\u6e05\n\u6881\u61ff", "create_time": "2017-05-05T12:56:20.220Z", "status": true, "accepted": true}}, {"model": "group.joingrouprequest", "pk": 67, "fields": {"group": 2, "user": 9, "message": "a\u2006a\u2006a\u2006a\u2006a", "create_time": "2017-05-05T12:58:04.811Z", "status": true, "accepted": true}}, {"model": "group.joingrouprequest", "pk": 68, "fields": {"group": 3, "user": 313, "message": "\u5f20\u6839\u9f50", "create_time": "2017-05-05T13:00:49.239Z", "status": true, "accepted": true}}, {"model": "group.joingrouprequest", "pk": 69, "fields": {"group": 3, "user": 319, "message": "\u9648\u540d\u541b\n\u6234\u8d8a\n\u5f90\u8fea\u7f18", "create_time": "2017-05-05T13:19:36.446Z", "status": true, "accepted": true}}, {"model": "group.joingrouprequest", "pk": 70, "fields": {"group": 3, "user": 321, "message": "\u5468\u5b50\u52b2\n\u6b66\u68a6\u6770\n\u4e25\u5609\u7487", "create_time": "2017-05-05T13:22:07.527Z", "status": true, "accepted": true}}, {"model": "group.joingrouprequest", "pk": 71, "fields": {"group": 2, "user": 88, "message": "\u738b\u6797 2015110098", "create_time": "2017-05-05T13:24:25.798Z", "status": true, "accepted": true}}, {"model": "group.joingrouprequest", "pk": 72, "fields": {"group": 3, "user": 324, "message": "\u738b\u7545\u946b", "create_time": "2017-05-05T13:26:49.696Z", "status": true, "accepted": true}}, {"model": "group.joingrouprequest", "pk": 73, "fields": {"group": 2, "user": 8, "message": "shi wo,wo jiao zhang shunyu", "create_time": "2017-05-05T13:33:40.114Z", "status": true, "accepted": true}}, {"model": "group.joingrouprequest", "pk": 74, "fields": {"group": 3, "user": 325, "message": "\u674e\u5c55\u9e4f\n\u738b\u6c38\u826f\n\u5218\u5146\u5e74", "create_time": "2017-05-05T13:34:31.098Z", "status": true, "accepted": true}}, {"model": "group.joingrouprequest", "pk": 75, "fields": {"group": 3, "user": 327, "message": "\u961f\u54581\u59dc\u9547\u4e1c\n\u961f\u54582\u90b9\u8363\u8a89\n\u961f\u54583\u5f20\u6839\u9f50", "create_time": "2017-05-05T13:40:06.108Z", "status": true, "accepted": true}}, {"model": "group.joingrouprequest", "pk": 76, "fields": {"group": 3, "user": 296, "message": "2017_team_2016112362", "create_time": "2017-05-05T13:40:14.512Z", "status": true, "accepted": false}}, {"model": "group.joingrouprequest", "pk": 77, "fields": {"group": 3, "user": 327, "message": "\u961f\u54581\u59dc\u9547\u4e1c\n\u961f\u54582\u90b9\u8363\u8a89\n\u961f\u54583\u5f20\u6839\u9f50", "create_time": "2017-05-05T13:40:26.568Z", "status": true, "accepted": false}}, {"model": "group.joingrouprequest", "pk": 78, "fields": {"group": 2, "user": 328, "message": "\u6881\u5c9a\u5ce5", "create_time": "2017-05-05T13:48:28.369Z", "status": true, "accepted": true}}, {"model": "group.joingrouprequest", "pk": 79, "fields": {"group": 3, "user": 329, "message": "\u9676\u9704\n\u5218\u5cf0\n\u6234\u4e00\u6d69", "create_time": "2017-05-05T15:16:03.769Z", "status": true, "accepted": true}}, {"model": "group.joingrouprequest", "pk": 80, "fields": {"group": 3, "user": 230, "message": "\u5f20\u536b\n\u738b\u4f73\u4f73\n\u5362\u7ea2\u971e", "create_time": "2017-05-05T15:16:57.014Z", "status": true, "accepted": true}}, {"model": "group.joingrouprequest", "pk": 81, "fields": {"group": 2, "user": 14, "message": "\u5f20\u821c\u5b87", "create_time": "2017-05-06T01:16:28.745Z", "status": true, "accepted": true}}, {"model": "group.joingrouprequest", "pk": 82, "fields": {"group": 3, "user": 333, "message": "\u4efb\u94b0\n\u4efb\u946b\n\u8c0c\u6c82\u9633", "create_time": "2017-05-06T01:19:35.482Z", "status": true, "accepted": true}}, {"model": "group.joingrouprequest", "pk": 83, "fields": {"group": 3, "user": 335, "message": "\u8463\u821c\u534e\n\u80e1\u6653\u521a\n\u7f57\u7518", "create_time": "2017-05-06T01:33:04.510Z", "status": true, "accepted": true}}, {"model": "group.joingrouprequest", "pk": 84, "fields": {"group": 3, "user": 337, "message": "\u5b59\u53cc\u6210\n\u738b\u5e7f\u5174\n\u9ec4\u94b2\u6797", "create_time": "2017-05-06T02:43:45.872Z", "status": true, "accepted": true}}, {"model": "group.joingrouprequest", "pk": 85, "fields": {"group": 3, "user": 338, "message": "\u90ed\u76f8\u6587\n\u7ae5\u9e23\n\u51af\u4e00\u9e23", "create_time": "2017-05-06T02:46:41.244Z", "status": true, "accepted": true}}, {"model": "group.joingrouprequest", "pk": 86, "fields": {"group": 3, "user": 343, "message": "\u5f6d\u5b50\u901a\n\u90d1\u601d\u5b87\n\u6768\u65ed", "create_time": "2017-05-06T06:02:37.618Z", "status": true, "accepted": true}}, {"model": "group.joingrouprequest", "pk": 87, "fields": {"group": 3, "user": 347, "message": "\u66f9\u8861\n\u8d39\u715c\u6668\n\u83ab\u674f\u6980", "create_time": "2017-05-06T12:49:16.666Z", "status": true, "accepted": true}}, {"model": "group.joingrouprequest", "pk": 88, "fields": {"group": 3, "user": 351, "message": "\u961f\u54581\uff1a\u7f57\u8bd7\u827a\n\u961f\u54582\uff1a\u848b\u53cc\u5a77", "create_time": "2017-05-06T13:30:31.245Z", "status": true, "accepted": true}}, {"model": "group.joingrouprequest", "pk": 89, "fields": {"group": 3, "user": 350, "message": "\u738b\u5609\u8c6a\n\u66f9\u8d8a\n\u5218\u946b", "create_time": "2017-05-06T13:52:31.591Z", "status": true, "accepted": true}}, {"model": "group.joingrouprequest", "pk": 90, "fields": {"group": 3, "user": 352, "message": "\u5468\u5e05", "create_time": "2017-05-06T13:55:34.106Z", "status": true, "accepted": true}}, {"model": "group.joingrouprequest", "pk": 91, "fields": {"group": 3, "user": 353, "message": "\u6b27\u535a\u96c5\n\u5b8b\u817e\u817e\n\u5218\u5bb9", "create_time": "2017-05-06T14:32:47.647Z", "status": true, "accepted": true}}, {"model": "group.joingrouprequest", "pk": 92, "fields": {"group": 3, "user": 354, "message": "\u5170\u6f9c\n\u7518\u4f73\u96e8\n\u4f55\u6e05\u99a8", "create_time": "2017-05-06T14:38:01.209Z", "status": true, "accepted": true}}, {"model": "group.joingrouprequest", "pk": 93, "fields": {"group": 3, "user": 357, "message": "2017_team_2016112420\n\u738b\u6d9b\n\u5468\u8fd0\n\u738b\u7acb\u743c", "create_time": "2017-05-06T15:30:45.468Z", "status": true, "accepted": true}}, {"model": "group.joingrouprequest", "pk": 94, "fields": {"group": 3, "user": 359, "message": "\u666f\u4e00\u771f\n\u5b8b\u601d\u96e8\n\u5218\u6c5f", "create_time": "2017-05-06T18:03:47.675Z", "status": true, "accepted": true}}, {"model": "group.joingrouprequest", "pk": 95, "fields": {"group": 3, "user": 363, "message": "\u8bb8\u660e\u534e\n\u9ec4\u7a0b\n\u9648\u5468\u64ce", "create_time": "2017-05-07T01:16:09.135Z", "status": true, "accepted": true}}, {"model": "group.joingrouprequest", "pk": 96, "fields": {"group": 3, "user": 369, "message": "\u6768\u6d69\n\u738b\u73a5\u7487\n\u5468\u4e1c\u534e", "create_time": "2017-05-07T02:50:39.243Z", "status": true, "accepted": true}}, {"model": "group.joingrouprequest", "pk": 97, "fields": {"group": 3, "user": 372, "message": "\u5b8b\u53cb\u7965\n\u66fe\u6d2a\u54f2\n\u5b59\u6e90\u6d41", "create_time": "2017-05-07T03:11:06.963Z", "status": true, "accepted": true}}, {"model": "group.joingrouprequest", "pk": 98, "fields": {"group": 3, "user": 374, "message": "\u5f20\u82e5\u6668\n\u8463\u6cfd\u65b0\n\u6c88\u6625\u9633", "create_time": "2017-05-07T03:16:18.645Z", "status": true, "accepted": false}}, {"model": "group.joingrouprequest", "pk": 99, "fields": {"group": 3, "user": 375, "message": "\u5f20\u82e5\u6668\n\u8463\u6cfd\u65b0\n\u6c88\u6625\u9633", "create_time": "2017-05-07T03:21:37.616Z", "status": true, "accepted": true}}, {"model": "group.joingrouprequest", "pk": 100, "fields": {"group": 3, "user": 267, "message": "2017_\u4ec0\u4e48\u961f_2015110068\n\u5ed6\u96c4\n\u6731\u653f\n\u5f6d\u65b9\u4e91", "create_time": "2017-05-07T03:50:50.134Z", "status": true, "accepted": true}}, {"model": "group.joingrouprequest", "pk": 101, "fields": {"group": 3, "user": 237, "message": "\u5510\u8861\u7487\n\u845b\u60a6\n\u4e1b\u4e3d\u9759", "create_time": "2017-05-07T03:52:17.918Z", "status": true, "accepted": true}}, {"model": "group.joingrouprequest", "pk": 102, "fields": {"group": 3, "user": 2, "message": "1", "create_time": "2017-05-07T03:59:55.513Z", "status": true, "accepted": true}}, {"model": "group.joingrouprequest", "pk": 103, "fields": {"group": 3, "user": 326, "message": "\u961f\u54581 \u674e\u5b50\u6770\n\u961f\u54582 \u5218\u660e\u6853 \n\u961f\u54583 \u738b\u6587\u6770", "create_time": "2017-05-07T04:01:56.894Z", "status": true, "accepted": true}}, {"model": "group.joingrouprequest", "pk": 104, "fields": {"group": 3, "user": 364, "message": "2017_team_2015112266", "create_time": "2017-05-07T04:03:04.888Z", "status": true, "accepted": false}}, {"model": "group.joingrouprequest", "pk": 105, "fields": {"group": 2, "user": 376, "message": "\u4ea4\u5927\u53c2\u8d5b\u961f\u5458", "create_time": "2017-05-07T04:04:38.309Z", "status": true, "accepted": false}}, {"model": "group.joingrouprequest", "pk": 106, "fields": {"group": 3, "user": 364, "message": "\u9ece\u5bb6\u660a\n\u8c2d\u6893\u7426\n\u53f2\u6668\u9633", "create_time": "2017-05-07T04:07:17.129Z", "status": true, "accepted": false}}, {"model": "group.joingrouprequest", "pk": 107, "fields": {"group": 3, "user": 380, "message": "\u96f7\u5b87", "create_time": "2017-05-07T04:10:41.083Z", "status": true, "accepted": false}}, {"model": "group.joingrouprequest", "pk": 108, "fields": {"group": 3, "user": 267, "message": "2017_\u4ec0\u4e48\u961f_2015110068", "create_time": "2017-05-07T04:10:44.690Z", "status": true, "accepted": false}}, {"model": "group.joingrouprequest", "pk": 109, "fields": {"group": 3, "user": 381, "message": "\u9ece\u5bb6\u660a\n\u8c2d\u6893\u7426\n\u53f2\u6668\u9633", "create_time": "2017-05-07T04:12:23.204Z", "status": true, "accepted": true}}, {"model": "group.joingrouprequest", "pk": 110, "fields": {"group": 3, "user": 383, "message": "\u5ed6\u96c4\n\u6731\u653f\n\u5f6d\u65b9\u4e91", "create_time": "2017-05-07T04:19:11.218Z", "status": true, "accepted": false}}, {"model": "group.joingrouprequest", "pk": 111, "fields": {"group": 3, "user": 383, "message": "\u5ed6\u96c4\n\u6731\u653f\n\u5f6d\u65b9\u4e91", "create_time": "2017-05-07T04:28:43.268Z", "status": true, "accepted": false}}, {"model": "group.joingrouprequest", "pk": 112, "fields": {"group": 3, "user": 387, "message": "\u95eb\u6d2a\u6d0b\n\u9ec4\u8d85\n\u5218\u514b\u5d07", "create_time": "2017-05-07T04:34:05.977Z", "status": true, "accepted": true}}, {"model": "group.joingrouprequest", "pk": 113, "fields": {"group": 3, "user": 383, "message": "\u5ed6\u96c4\n\u6731\u653f\n\u5f6d\u65b9\u4e91", "create_time": "2017-05-07T04:35:55.977Z", "status": true, "accepted": false}}, {"model": "group.joingrouprequest", "pk": 114, "fields": {"group": 3, "user": 387, "message": "\u95eb\u6d2a\u6d0b\n\u9ec4\u8d85\n\u5218\u514b\u5d07", "create_time": "2017-05-07T04:36:10.510Z", "status": true, "accepted": false}}, {"model": "group.joingrouprequest", "pk": 115, "fields": {"group": 3, "user": 389, "message": "\u5ed6\u96c4\n\u6731\u653f\n\u5f6d\u65b9\u4e91", "create_time": "2017-05-07T04:45:56.322Z", "status": true, "accepted": true}}, {"model": "group.joingrouprequest", "pk": 116, "fields": {"group": 3, "user": 261, "message": "\u7533\u8bf7\u52a0\u5165", "create_time": "2017-05-07T05:06:34.255Z", "status": true, "accepted": true}}, {"model": "group.joingrouprequest", "pk": 117, "fields": {"group": 3, "user": 386, "message": "\u6768\u654f\u677e\n\u8096\u5e73\n\u6768\u6d77\u9e4f", "create_time": "2017-05-07T06:30:41.829Z", "status": true, "accepted": true}}, {"model": "group.joingrouprequest", "pk": 118, "fields": {"group": 3, "user": 392, "message": "\u9093\u5b50\u9038\n\u90d1\u5b89\u742a\n\u90ed\u695a\u9065", "create_time": "2017-05-07T06:57:04.172Z", "status": true, "accepted": true}}, {"model": "group.joingrouprequest", "pk": 119, "fields": {"group": 3, "user": 399, "message": "2017_team_2015111819", "create_time": "2017-05-08T15:50:29.322Z", "status": true, "accepted": false}}, {"model": "group.joingrouprequest", "pk": 120, "fields": {"group": 4, "user": 1, "message": "123", "create_time": "2017-05-13T05:17:45.681Z", "status": true, "accepted": false}}, {"model": "group.joingrouprequest", "pk": 121, "fields": {"group": 4, "user": 1, "message": "123", "create_time": "2017-05-13T05:17:54.283Z", "status": true, "accepted": true}}]